file,channel,calibrated,scan_x_um,scan_y_um,rows,cols,pixel_x_nm,pixel_y_nm,poly_degree,sigma_clip,fit_pixels_retained_pct,row_method,despike,despike_mad_k,despiked_pixels,despiked_pct,Sa_nm,Sq_RMS_nm,Sz_nm,Sz_p99p5_nm,Ssk,Sku,figure_png,processed_npz
15_0617_oxy_40W_1um_1.0_00000.spm,"s [zsensor] ""height sensor""",True,1.0,1.0,512,512,1.953125,1.953125,2,3.5,86.05537414550781,median,True,3.0,22776,8.6883544921875,0.5220589199953427,0.6982873654852992,8.096533908974818,4.2585398393239915,-0.660911923522122,7.646767216338924,/Users/markqu/Library/CloudStorage/OneDrive-JohnsHopkins/Research/2026_ORNL_Kelley_RSI/Data_/AFM_batch_process/All_Data/AFM_RMS_outputs/15_0617_oxy_40W_1um_1.0_00000_rms_topography.png,/Users/markqu/Library/CloudStorage/OneDrive-JohnsHopkins/Research/2026_ORNL_Kelley_RSI/Data_/AFM_batch_process/All_Data/AFM_RMS_outputs/15_0617_oxy_40W_1um_1.0_00000_rms_processed_height.npz
15_0617_oxy_40W_1um_2.0_00000.spm,"s [zsensor] ""height sensor""",True,1.0,1.0,512,512,1.953125,1.953125,2,3.5,99.08332824707031,median,True,3.0,30270,11.547088623046875,0.3282321911849317,0.46366201233257437,6.560253780790053,3.248282638861787,-0.9922484376415112,12.601727755053165,/Users/markqu/Library/CloudStorage/OneDrive-JohnsHopkins/Research/2026_ORNL_Kelley_RSI/Data_/AFM_batch_process/All_Data/AFM_RMS_outputs/15_0617_oxy_40W_1um_2.0_00000_rms_topography.png,/Users/markqu/Library/CloudStorage/OneDrive-JohnsHopkins/Research/2026_ORNL_Kelley_RSI/Data_/AFM_batch_process/All_Data/AFM_RMS_outputs/15_0617_oxy_40W_1um_2.0_00000_rms_processed_height.npz
15_0617_oxy_40W_1um_3.0_00000.spm,"s [zsensor] ""height sensor""",True,1.0,1.0,512,512,1.953125,1.953125,2,3.5,99.2584228515625,median,True,3.0,37040,14.129638671875,0.37353185506162073,0.4963118119352066,6.661057162430117,2.953941844783767,-0.2435230593099703,5.77396499952224,/Users/markqu/Library/CloudStorage/OneDrive-JohnsHopkins/Research/2026_ORNL_Kelley_RSI/Data_/AFM_batch_process/All_Data/AFM_RMS_outputs/15_0617_oxy_40W_1um_3.0_00000_rms_topography.png,/Users/markqu/Library/CloudStorage/OneDrive-JohnsHopkins/Research/2026_ORNL_Kelley_RSI/Data_/AFM_batch_process/All_Data/AFM_RMS_outputs/15_0617_oxy_40W_1um_3.0_00000_rms_processed_height.npz
15_0617_oxy_40W_2um_1.0_00000.spm,"s [zsensor] ""height sensor""",True,2.0,2.0,512,512,3.90625,3.90625,2,3.5,99.37934875488281,median,True,3.0,71616,27.3193359375,0.49999197925349453,0.680226053861767,9.83442506700439,4.3754637262887215,-1.0802502272496113,11.148554948125717,/Users/markqu/Library/CloudStorage/OneDrive-JohnsHopkins/Research/2026_ORNL_Kelley_RSI/Data_/AFM_batch_process/All_Data/AFM_RMS_outputs/15_0617_oxy_40W_2um_1.0_00000_rms_topography.png,/Users/markqu/Library/CloudStorage/OneDrive-JohnsHopkins/Research/2026_ORNL_Kelley_RSI/Data_/AFM_batch_process/All_Data/AFM_RMS_outputs/15_0617_oxy_40W_2um_1.0_00000_rms_processed_height.npz
15_0617_oxy_40W_2um_2.0_00000.spm,"s [zsensor] ""height sensor""",True,2.0,2.0,512,512,3.90625,3.90625,2,3.5,99.05166625976562,median,True,3.0,59950,22.869110107421875,0.3668389076669959,0.5306422508383484,8.742488259576998,3.654461850937299,-1.6908527394024133,19.091716870677224,/Users/markqu/Library/CloudStorage/OneDrive-JohnsHopkins/Research/2026_ORNL_Kelley_RSI/Data_/AFM_batch_process/All_Data/AFM_RMS_outputs/15_0617_oxy_40W_2um_2.0_00000_rms_topography.png,/Users/markqu/Library/CloudStorage/OneDrive-JohnsHopkins/Research/2026_ORNL_Kelley_RSI/Data_/AFM_batch_process/All_Data/AFM_RMS_outputs/15_0617_oxy_40W_2um_2.0_00000_rms_processed_height.npz
15_0617_oxy_40W_2um_3.0_00000.spm,"s [zsensor] ""height sensor""",True,2.0,2.0,512,512,3.90625,3.90625,2,3.5,99.25689697265625,median,True,3.0,145415,55.47142028808594,0.43354152918203476,0.6186419863435656,9.846516326955589,4.348502899538035,-1.785285385149971,18.006462130762575,/Users/markqu/Library/CloudStorage/OneDrive-JohnsHopkins/Research/2026_ORNL_Kelley_RSI/Data_/AFM_batch_process/All_Data/AFM_RMS_outputs/15_0617_oxy_40W_2um_3.0_00000_rms_topography.png,/Users/markqu/Library/CloudStorage/OneDrive-JohnsHopkins/Research/2026_ORNL_Kelley_RSI/Data_/AFM_batch_process/All_Data/AFM_RMS_outputs/15_0617_oxy_40W_2um_3.0_00000_rms_processed_height.npz
15_0617_oxy_40W_5um_1.0_00000.spm,"s [zsensor] ""height sensor""",True,5.0,5.0,512,512,9.765625,9.765625,2,3.5,99.542236328125,median,True,3.0,43431,16.567611694335938,0.3812611363501459,0.54485536489274,9.385507638919963,2.8214811048656037,-2.169265875113096,23.458388509467866,/Users/markqu/Library/CloudStorage/OneDrive-JohnsHopkins/Research/2026_ORNL_Kelley_RSI/Data_/AFM_batch_process/All_Data/AFM_RMS_outputs/15_0617_oxy_40W_5um_1.0_00000_rms_topography.png,/Users/markqu/Library/CloudStorage/OneDrive-JohnsHopkins/Research/2026_ORNL_Kelley_RSI/Data_/AFM_batch_process/All_Data/AFM_RMS_outputs/15_0617_oxy_40W_5um_1.0_00000_rms_processed_height.npz
15_0617_oxy_40W_5um_2.0_00000.spm,"s [zsensor] ""height sensor""",True,5.0,5.0,512,512,9.765625,9.765625,2,3.5,92.87872314453125,median,True,3.0,36569,13.949966430664062,0.42687299819849533,0.6062025500774552,10.103599865537623,3.2650024036273377,-1.8335695042507734,19.822148081184743,/Users/markqu/Library/CloudStorage/OneDrive-JohnsHopkins/Research/2026_ORNL_Kelley_RSI/Data_/AFM_batch_process/All_Data/AFM_RMS_outputs/15_0617_oxy_40W_5um_2.0_00000_rms_topography.png,/Users/markqu/Library/CloudStorage/OneDrive-JohnsHopkins/Research/2026_ORNL_Kelley_RSI/Data_/AFM_batch_process/All_Data/AFM_RMS_outputs/15_0617_oxy_40W_5um_2.0_00000_rms_processed_height.npz
15_0617_oxy_40W_5um_3.0_00000.spm,"s [zsensor] ""height sensor""",True,5.0,5.0,512,512,9.765625,9.765625,2,3.5,88.726806640625,median,True,3.0,38452,14.66827392578125,0.413735893060759,0.5838146823141539,9.200419017163405,3.090902631134536,-1.7174101421738095,18.869598081842614,/Users/markqu/Library/CloudStorage/OneDrive-JohnsHopkins/Research/2026_ORNL_Kelley_RSI/Data_/AFM_batch_process/All_Data/AFM_RMS_outputs/15_0617_oxy_40W_5um_3.0_00000_rms_topography.png,/Users/markqu/Library/CloudStorage/OneDrive-JohnsHopkins/Research/2026_ORNL_Kelley_RSI/Data_/AFM_batch_process/All_Data/AFM_RMS_outputs/15_0617_oxy_40W_5um_3.0_00000_rms_processed_height.npz
22_0624_1um_1.0_00002.spm,"s [zsensor] ""height sensor""",True,1.0,1.0,512,512,1.953125,1.953125,2,3.5,99.67117309570312,median,True,3.0,26873,10.251235961914062,0.2740806119107753,0.35520885099114985,3.9725036156919367,1.9359463485674624,-0.1292737387146988,4.316480939171749,/Users/markqu/Library/CloudStorage/OneDrive-JohnsHopkins/Research/2026_ORNL_Kelley_RSI/Data_/AFM_batch_process/All_Data/AFM_RMS_outputs/22_0624_1um_1.0_00002_rms_topography.png,/Users/markqu/Library/CloudStorage/OneDrive-JohnsHopkins/Research/2026_ORNL_Kelley_RSI/Data_/AFM_batch_process/All_Data/AFM_RMS_outputs/22_0624_1um_1.0_00002_rms_processed_height.npz
22_0624_2um_1.0_00001.spm,"s [zsensor] ""height sensor""",True,2.0,2.0,512,512,3.90625,3.90625,2,3.5,99.664306640625,median,True,3.0,56138,21.414947509765625,0.29548852705173995,0.4156904920336893,6.819152691112726,2.5427887424712194,-1.5529901197522111,16.8696706341818,/Users/markqu/Library/CloudStorage/OneDrive-JohnsHopkins/Research/2026_ORNL_Kelley_RSI/Data_/AFM_batch_process/All_Data/AFM_RMS_outputs/22_0624_2um_1.0_00001_rms_topography.png,/Users/markqu/Library/CloudStorage/OneDrive-JohnsHopkins/Research/2026_ORNL_Kelley_RSI/Data_/AFM_batch_process/All_Data/AFM_RMS_outputs/22_0624_2um_1.0_00001_rms_processed_height.npz
22_0624_5um_1.0_00003.spm,"s [zsensor] ""height sensor""",True,5.0,5.0,512,512,9.765625,9.765625,2,3.5,99.54910278320312,median,True,3.0,37853,14.439773559570312,0.32703186821810853,0.4901874281970191,13.231404835528771,2.5178785702654447,-2.8856294801266578,34.70139702994442,/Users/markqu/Library/CloudStorage/OneDrive-JohnsHopkins/Research/2026_ORNL_Kelley_RSI/Data_/AFM_batch_process/All_Data/AFM_RMS_outputs/22_0624_5um_1.0_00003_rms_topography.png,/Users/markqu/Library/CloudStorage/OneDrive-JohnsHopkins/Research/2026_ORNL_Kelley_RSI/Data_/AFM_batch_process/All_Data/AFM_RMS_outputs/22_0624_5um_1.0_00003_rms_processed_height.npz
24_0625_1um_1.0_00000.spm,"s [zsensor] ""height sensor""",True,1.0,1.0,512,512,1.953125,1.953125,2,3.5,99.85847473144531,median,True,3.0,3,0.0011444091796875,0.4393737869264057,0.5543468509103284,4.438962290361892,2.882343968095344,0.25886876453769503,3.1340176113882188,/Users/markqu/Library/CloudStorage/OneDrive-JohnsHopkins/Research/2026_ORNL_Kelley_RSI/Data_/AFM_batch_process/All_Data/AFM_RMS_outputs/24_0625_1um_1.0_00000_rms_topography.png,/Users/markqu/Library/CloudStorage/OneDrive-JohnsHopkins/Research/2026_ORNL_Kelley_RSI/Data_/AFM_batch_process/All_Data/AFM_RMS_outputs/24_0625_1um_1.0_00000_rms_processed_height.npz
24_0625_2um_1.0_00000.spm,"s [zsensor] ""height sensor""",True,2.0,2.0,512,512,3.90625,3.90625,2,3.5,99.87602233886719,median,True,3.0,100937,38.50440979003906,0.40615604533373867,0.5159126079932139,5.307892863468067,2.754095455805846,0.15744350902086202,3.434345374467247,/Users/markqu/Library/CloudStorage/OneDrive-JohnsHopkins/Research/2026_ORNL_Kelley_RSI/Data_/AFM_batch_process/All_Data/AFM_RMS_outputs/24_0625_2um_1.0_00000_rms_topography.png,/Users/markqu/Library/CloudStorage/OneDrive-JohnsHopkins/Research/2026_ORNL_Kelley_RSI/Data_/AFM_batch_process/All_Data/AFM_RMS_outputs/24_0625_2um_1.0_00000_rms_processed_height.npz
24_0625_5um_1.0_00001.spm,"s [zsensor] ""height sensor""",True,5.0,5.0,512,512,9.765625,9.765625,2,3.5,96.59805297851562,median,True,3.0,24335,9.283065795898438,0.4392915376406457,0.5889842759302458,17.854246377772707,3.080227264500464,0.4075772118498453,22.453210066598228,/Users/markqu/Library/CloudStorage/OneDrive-JohnsHopkins/Research/2026_ORNL_Kelley_RSI/Data_/AFM_batch_process/All_Data/AFM_RMS_outputs/24_0625_5um_1.0_00001_rms_topography.png,/Users/markqu/Library/CloudStorage/OneDrive-JohnsHopkins/Research/2026_ORNL_Kelley_RSI/Data_/AFM_batch_process/All_Data/AFM_RMS_outputs/24_0625_5um_1.0_00001_rms_processed_height.npz
25_0626_vac210_1um_2.0_00001.spm,"s [zsensor] ""height sensor""",True,1.0,1.0,256,256,3.90625,3.90625,2,3.5,99.86572265625,median,True,3.0,29050,44.3267822265625,0.3972393992541383,0.5049543608949242,4.5119482683738905,2.688776876774689,0.31909284687221734,3.385090507904124,/Users/markqu/Library/CloudStorage/OneDrive-JohnsHopkins/Research/2026_ORNL_Kelley_RSI/Data_/AFM_batch_process/All_Data/AFM_RMS_outputs/25_0626_vac210_1um_2.0_00001_rms_topography.png,/Users/markqu/Library/CloudStorage/OneDrive-JohnsHopkins/Research/2026_ORNL_Kelley_RSI/Data_/AFM_batch_process/All_Data/AFM_RMS_outputs/25_0626_vac210_1um_2.0_00001_rms_processed_height.npz
25_0626_vac210_2um_1.0_00000.spm,"s [zsensor] ""height sensor""",True,2.0,2.0,256,256,7.8125,7.8125,2,3.5,92.6422119140625,median,True,3.0,13392,20.4345703125,0.2729079274770724,0.3701037743041438,6.8312391345442585,2.132726857467583,0.12203255386868267,9.60069372346076,/Users/markqu/Library/CloudStorage/OneDrive-JohnsHopkins/Research/2026_ORNL_Kelley_RSI/Data_/AFM_batch_process/All_Data/AFM_RMS_outputs/25_0626_vac210_2um_1.0_00000_rms_topography.png,/Users/markqu/Library/CloudStorage/OneDrive-JohnsHopkins/Research/2026_ORNL_Kelley_RSI/Data_/AFM_batch_process/All_Data/AFM_RMS_outputs/25_0626_vac210_2um_1.0_00000_rms_processed_height.npz
25_0626_vac210_2um_1.0_00001.spm,"s [zsensor] ""height sensor""",True,2.0,2.0,256,256,7.8125,7.8125,2,3.5,99.61700439453125,median,True,3.0,15850,24.1851806640625,0.25792096796633995,0.3815401491004322,8.778619277505696,2.2421703360798,3.7054554446971006,52.13630135858952,/Users/markqu/Library/CloudStorage/OneDrive-JohnsHopkins/Research/2026_ORNL_Kelley_RSI/Data_/AFM_batch_process/All_Data/AFM_RMS_outputs/25_0626_vac210_2um_1.0_00001_rms_topography.png,/Users/markqu/Library/CloudStorage/OneDrive-JohnsHopkins/Research/2026_ORNL_Kelley_RSI/Data_/AFM_batch_process/All_Data/AFM_RMS_outputs/25_0626_vac210_2um_1.0_00001_rms_processed_height.npz
25_0626_vac210_2um_2.0_00000.spm,"s [zsensor] ""height sensor""",True,2.0,2.0,256,256,7.8125,7.8125,2,3.5,99.71466064453125,median,True,3.0,7356,11.224365234375,0.40245753405563756,0.5340368037097459,11.311757415175665,2.740935591140894,1.3752707183823116,20.680766843411764,/Users/markqu/Library/CloudStorage/OneDrive-JohnsHopkins/Research/2026_ORNL_Kelley_RSI/Data_/AFM_batch_process/All_Data/AFM_RMS_outputs/25_0626_vac210_2um_2.0_00000_rms_topography.png,/Users/markqu/Library/CloudStorage/OneDrive-JohnsHopkins/Research/2026_ORNL_Kelley_RSI/Data_/AFM_batch_process/All_Data/AFM_RMS_outputs/25_0626_vac210_2um_2.0_00000_rms_processed_height.npz
25_0626_vac210_5um_1.spm,"s [zsensor] ""height sensor""",True,5.0,5.0,256,256,19.53125,19.53125,2,3.5,92.98858642578125,median,True,3.0,3857,5.88531494140625,0.18769979405978204,0.40390674717659497,10.41820203915524,1.3030130654591052,-9.429690851733687,133.23061701327325,/Users/markqu/Library/CloudStorage/OneDrive-JohnsHopkins/Research/2026_ORNL_Kelley_RSI/Data_/AFM_batch_process/All_Data/AFM_RMS_outputs/25_0626_vac210_5um_1_rms_topography.png,/Users/markqu/Library/CloudStorage/OneDrive-JohnsHopkins/Research/2026_ORNL_Kelley_RSI/Data_/AFM_batch_process/All_Data/AFM_RMS_outputs/25_0626_vac210_5um_1_rms_processed_height.npz
25_0626_vac210_5um_2.0_00000.spm,"s [zsensor] ""height sensor""",True,5.0,5.0,256,256,19.53125,19.53125,2,3.5,99.871826171875,median,True,3.0,1717,2.61993408203125,0.5513555096381365,0.6943276505673165,6.557501038234019,3.538295149840792,-0.003352426426617341,3.256292548405287,/Users/markqu/Library/CloudStorage/OneDrive-JohnsHopkins/Research/2026_ORNL_Kelley_RSI/Data_/AFM_batch_process/All_Data/AFM_RMS_outputs/25_0626_vac210_5um_2.0_00000_rms_topography.png,/Users/markqu/Library/CloudStorage/OneDrive-JohnsHopkins/Research/2026_ORNL_Kelley_RSI/Data_/AFM_batch_process/All_Data/AFM_RMS_outputs/25_0626_vac210_5um_2.0_00000_rms_processed_height.npz
26_0629_mixed_ps_1um_1.0_00000.spm,"s [zsensor] ""height sensor""",True,1.0,1.0,256,256,3.90625,3.90625,2,3.5,99.8382568359375,median,True,3.0,26158,39.9139404296875,0.4035275596011373,0.5168974623407097,5.148479006578137,2.7861974178085824,0.20909142203453265,3.4741968679832422,/Users/markqu/Library/CloudStorage/OneDrive-JohnsHopkins/Research/2026_ORNL_Kelley_RSI/Data_/AFM_batch_process/All_Data/AFM_RMS_outputs/26_0629_mixed_ps_1um_1.0_00000_rms_topography.png,/Users/markqu/Library/CloudStorage/OneDrive-JohnsHopkins/Research/2026_ORNL_Kelley_RSI/Data_/AFM_batch_process/All_Data/AFM_RMS_outputs/26_0629_mixed_ps_1um_1.0_00000_rms_processed_height.npz
26_0629_mixed_ps_5um_1.0_00000.spm,"s [zsensor] ""height sensor""",True,5.0,5.0,256,256,19.53125,19.53125,2,3.5,99.87335205078125,median,True,3.0,3755,5.72967529296875,0.41205866504353617,0.5244589087987469,5.929753877207601,2.74946832727292,0.005530081559586475,3.7575245688770997,/Users/markqu/Library/CloudStorage/OneDrive-JohnsHopkins/Research/2026_ORNL_Kelley_RSI/Data_/AFM_batch_process/All_Data/AFM_RMS_outputs/26_0629_mixed_ps_5um_1.0_00000_rms_topography.png,/Users/markqu/Library/CloudStorage/OneDrive-JohnsHopkins/Research/2026_ORNL_Kelley_RSI/Data_/AFM_batch_process/All_Data/AFM_RMS_outputs/26_0629_mixed_ps_5um_1.0_00000_rms_processed_height.npz
27_0629_Mercer_1um_1.0_00000.spm,"s [zsensor] ""height sensor""",True,1.0,1.0,512,512,1.953125,1.953125,2,3.5,97.03636169433594,median,True,3.0,88715,33.84208679199219,2.039113639483126,2.6379452437338373,22.8649335103021,13.949112349422649,1.1426623111868046,5.067575497634043,/Users/markqu/Library/CloudStorage/OneDrive-JohnsHopkins/Research/2026_ORNL_Kelley_RSI/Data_/AFM_batch_process/All_Data/AFM_RMS_outputs/27_0629_Mercer_1um_1.0_00000_rms_topography.png,/Users/markqu/Library/CloudStorage/OneDrive-JohnsHopkins/Research/2026_ORNL_Kelley_RSI/Data_/AFM_batch_process/All_Data/AFM_RMS_outputs/27_0629_Mercer_1um_1.0_00000_rms_processed_height.npz
27_0629_Mercer_5um_1.0_00000.spm,"s [zsensor] ""height sensor""",True,5.0,5.0,256,256,19.53125,19.53125,2,3.5,98.876953125,median,True,3.0,6622,10.1043701171875,2.028797242039949,2.5259054543062542,23.051548360315053,12.280322888815153,0.9378520854657937,3.9263103021977526,/Users/markqu/Library/CloudStorage/OneDrive-JohnsHopkins/Research/2026_ORNL_Kelley_RSI/Data_/AFM_batch_process/All_Data/AFM_RMS_outputs/27_0629_Mercer_5um_1.0_00000_rms_topography.png,/Users/markqu/Library/CloudStorage/OneDrive-JohnsHopkins/Research/2026_ORNL_Kelley_RSI/Data_/AFM_batch_process/All_Data/AFM_RMS_outputs/27_0629_Mercer_5um_1.0_00000_rms_processed_height.npz
28_0630_mixed_ps2_1um_1.0_00000.spm,"s [zsensor] ""height sensor""",True,1.0,1.0,256,256,3.90625,3.90625,2,3.5,99.60479736328125,median,True,3.0,47359,72.26409912109375,0.3463381709938149,0.44717149681489077,4.210200601899453,2.5099125894771555,-0.007253482857280165,3.8363086624404303,/Users/markqu/Library/CloudStorage/OneDrive-JohnsHopkins/Research/2026_ORNL_Kelley_RSI/Data_/AFM_batch_process/All_Data/AFM_RMS_outputs/28_0630_mixed_ps2_1um_1.0_00000_rms_topography.png,/Users/markqu/Library/CloudStorage/OneDrive-JohnsHopkins/Research/2026_ORNL_Kelley_RSI/Data_/AFM_batch_process/All_Data/AFM_RMS_outputs/28_0630_mixed_ps2_1um_1.0_00000_rms_processed_height.npz
28_0630_mixed_ps2_5um_1.0_00000.spm,"s [zsensor] ""height sensor""",True,5.0,5.0,256,256,19.53125,19.53125,2,3.5,100.0,median,True,3.0,3378,5.1544189453125,0.37826312918683463,0.4904808781998417,6.0664608353317195,2.5693718533440366,-0.47207918290224776,6.050758047968999,/Users/markqu/Library/CloudStorage/OneDrive-JohnsHopkins/Research/2026_ORNL_Kelley_RSI/Data_/AFM_batch_process/All_Data/AFM_RMS_outputs/28_0630_mixed_ps2_5um_1.0_00000_rms_topography.png,/Users/markqu/Library/CloudStorage/OneDrive-JohnsHopkins/Research/2026_ORNL_Kelley_RSI/Data_/AFM_batch_process/All_Data/AFM_RMS_outputs/28_0630_mixed_ps2_5um_1.0_00000_rms_processed_height.npz
30_0631_mixed_ps10min_1um_1.0_00000.spm,"s [zsensor] ""height sensor""",True,1.0,1.0,256,256,3.90625,3.90625,2,3.5,99.810791015625,median,True,3.0,7503,11.44866943359375,0.1881604251019592,0.23694439141684326,1.7807422447248573,1.2052340759985491,0.3140622302981265,3.0723128660857766,/Users/markqu/Library/CloudStorage/OneDrive-JohnsHopkins/Research/2026_ORNL_Kelley_RSI/Data_/AFM_batch_process/All_Data/AFM_RMS_outputs/30_0631_mixed_ps10min_1um_1.0_00000_rms_topography.png,/Users/markqu/Library/CloudStorage/OneDrive-JohnsHopkins/Research/2026_ORNL_Kelley_RSI/Data_/AFM_batch_process/All_Data/AFM_RMS_outputs/30_0631_mixed_ps10min_1um_1.0_00000_rms_processed_height.npz
30_0631_mixed_ps10min_5um_1.0_00000.spm,"s [zsensor] ""height sensor""",True,5.0,5.0,256,256,19.53125,19.53125,2,3.5,99.7589111328125,median,True,3.0,3450,5.2642822265625,0.1582771102575456,0.19817677121288318,1.5309705691634217,1.009619285881683,0.15230168587525228,2.957705318738184,/Users/markqu/Library/CloudStorage/OneDrive-JohnsHopkins/Research/2026_ORNL_Kelley_RSI/Data_/AFM_batch_process/All_Data/AFM_RMS_outputs/30_0631_mixed_ps10min_5um_1.0_00000_rms_topography.png,/Users/markqu/Library/CloudStorage/OneDrive-JohnsHopkins/Research/2026_ORNL_Kelley_RSI/Data_/AFM_batch_process/All_Data/AFM_RMS_outputs/30_0631_mixed_ps10min_5um_1.0_00000_rms_processed_height.npz
30_0631_mixed_ps10min_5um_1.0_00001.spm,"s [zsensor] ""height sensor""",True,5.0,5.0,256,256,19.53125,19.53125,2,3.5,99.8016357421875,median,True,3.0,2901,4.42657470703125,0.16339416809317558,0.20434958193173564,1.6085030307906305,1.0351749710222995,0.15162175431031055,2.9183112750051667,/Users/markqu/Library/CloudStorage/OneDrive-JohnsHopkins/Research/2026_ORNL_Kelley_RSI/Data_/AFM_batch_process/All_Data/AFM_RMS_outputs/30_0631_mixed_ps10min_5um_1.0_00001_rms_topography.png,/Users/markqu/Library/CloudStorage/OneDrive-JohnsHopkins/Research/2026_ORNL_Kelley_RSI/Data_/AFM_batch_process/All_Data/AFM_RMS_outputs/30_0631_mixed_ps10min_5um_1.0_00001_rms_processed_height.npz
33_0702_50W_1um_1.0_00000.spm,"s [zsensor] ""height sensor""",True,1.0,1.0,256,256,3.90625,3.90625,2,3.5,99.8779296875,median,True,3.0,5577,8.50982666015625,0.23946162280936292,0.3052663588196551,2.8406638602892613,1.6287384715962796,0.5789432785055805,3.7723219976528872,/Users/markqu/Library/CloudStorage/OneDrive-JohnsHopkins/Research/2026_ORNL_Kelley_RSI/Data_/AFM_batch_process/All_Data/AFM_RMS_outputs/33_0702_50W_1um_1.0_00000_rms_topography.png,/Users/markqu/Library/CloudStorage/OneDrive-JohnsHopkins/Research/2026_ORNL_Kelley_RSI/Data_/AFM_batch_process/All_Data/AFM_RMS_outputs/33_0702_50W_1um_1.0_00000_rms_processed_height.npz
33_0702_50W_1um_2.0_00000.spm,"s [zsensor] ""height sensor""",True,1.0,1.0,256,256,3.90625,3.90625,2,3.5,99.7528076171875,median,True,3.0,5564,8.489990234375,0.19144320726036676,0.24556880230684364,2.409710627570563,1.3221673742707667,0.47212806309508637,3.9655396195799986,/Users/markqu/Library/CloudStorage/OneDrive-JohnsHopkins/Research/2026_ORNL_Kelley_RSI/Data_/AFM_batch_process/All_Data/AFM_RMS_outputs/33_0702_50W_1um_2.0_00000_rms_topography.png,/Users/markqu/Library/CloudStorage/OneDrive-JohnsHopkins/Research/2026_ORNL_Kelley_RSI/Data_/AFM_batch_process/All_Data/AFM_RMS_outputs/33_0702_50W_1um_2.0_00000_rms_processed_height.npz
33_0702_50W_5um_2.0_00000.spm,"s [zsensor] ""height sensor""",True,5.0,5.0,256,256,19.53125,19.53125,2,3.5,99.810791015625,median,True,3.0,2622,4.0008544921875,0.16167296552770521,0.20251491469868826,1.7319395223972003,1.0309482895854816,0.1474495580433475,2.966703775903813,/Users/markqu/Library/CloudStorage/OneDrive-JohnsHopkins/Research/2026_ORNL_Kelley_RSI/Data_/AFM_batch_process/All_Data/AFM_RMS_outputs/33_0702_50W_5um_2.0_00000_rms_topography.png,/Users/markqu/Library/CloudStorage/OneDrive-JohnsHopkins/Research/2026_ORNL_Kelley_RSI/Data_/AFM_batch_process/All_Data/AFM_RMS_outputs/33_0702_50W_5um_2.0_00000_rms_processed_height.npz
33_0702_50W_5um_2.0_00001.spm,"s [zsensor] ""height sensor""",True,5.0,5.0,256,256,19.53125,19.53125,2,3.5,99.96490478515625,median,True,3.0,2664,4.06494140625,0.1598545153276245,0.20001505484608395,1.6493122702279401,1.0164162584855279,0.15336518902817112,2.955971019092759,/Users/markqu/Library/CloudStorage/OneDrive-JohnsHopkins/Research/2026_ORNL_Kelley_RSI/Data_/AFM_batch_process/All_Data/AFM_RMS_outputs/33_0702_50W_5um_2.0_00001_rms_topography.png,/Users/markqu/Library/CloudStorage/OneDrive-JohnsHopkins/Research/2026_ORNL_Kelley_RSI/Data_/AFM_batch_process/All_Data/AFM_RMS_outputs/33_0702_50W_5um_2.0_00001_rms_processed_height.npz
33_0702_50W_5um_2.0_00002.spm,"s [zsensor] ""height sensor""",True,5.0,5.0,256,256,19.53125,19.53125,2,3.5,99.83367919921875,median,True,3.0,2756,4.205322265625,0.160138587181181,0.20071702546141207,1.6507873620789368,1.0192775858460381,0.14657682252667845,2.955241896495615,/Users/markqu/Library/CloudStorage/OneDrive-JohnsHopkins/Research/2026_ORNL_Kelley_RSI/Data_/AFM_batch_process/All_Data/AFM_RMS_outputs/33_0702_50W_5um_2.0_00002_rms_topography.png,/Users/markqu/Library/CloudStorage/OneDrive-JohnsHopkins/Research/2026_ORNL_Kelley_RSI/Data_/AFM_batch_process/All_Data/AFM_RMS_outputs/33_0702_50W_5um_2.0_00002_rms_processed_height.npz
33_0702_50W_5um_2.0_00003.spm,"s [zsensor] ""height sensor""",True,5.0,5.0,256,256,19.53125,19.53125,2,3.5,99.8077392578125,median,True,3.0,2480,3.7841796875,0.1607438697076115,0.20131039365836909,1.6477864563683828,1.026819415796168,0.1397120553734349,2.949996404697364,/Users/markqu/Library/CloudStorage/OneDrive-JohnsHopkins/Research/2026_ORNL_Kelley_RSI/Data_/AFM_batch_process/All_Data/AFM_RMS_outputs/33_0702_50W_5um_2.0_00003_rms_topography.png,/Users/markqu/Library/CloudStorage/OneDrive-JohnsHopkins/Research/2026_ORNL_Kelley_RSI/Data_/AFM_batch_process/All_Data/AFM_RMS_outputs/33_0702_50W_5um_2.0_00003_rms_processed_height.npz
33_0702_50W_5um_2.0_00004.spm,"s [zsensor] ""height sensor""",True,5.0,5.0,256,256,19.53125,19.53125,2,3.5,99.81842041015625,median,True,3.0,2835,4.32586669921875,0.1584221934399601,0.19834457877853462,1.688717561381768,1.0158968538853526,0.14611370209605862,2.9697655016137423,/Users/markqu/Library/CloudStorage/OneDrive-JohnsHopkins/Research/2026_ORNL_Kelley_RSI/Data_/AFM_batch_process/All_Data/AFM_RMS_outputs/33_0702_50W_5um_2.0_00004_rms_topography.png,/Users/markqu/Library/CloudStorage/OneDrive-JohnsHopkins/Research/2026_ORNL_Kelley_RSI/Data_/AFM_batch_process/All_Data/AFM_RMS_outputs/33_0702_50W_5um_2.0_00004_rms_processed_height.npz
33_0702_50W_5um_2.0_00005.spm,"s [zsensor] ""height sensor""",True,5.0,5.0,256,256,19.53125,19.53125,2,3.5,99.79095458984375,median,True,3.0,2941,4.48760986328125,0.15670271066189334,0.19625532505014656,1.6456166549329359,1.0000673105327693,0.160292972168787,2.9766860030490254,/Users/markqu/Library/CloudStorage/OneDrive-JohnsHopkins/Research/2026_ORNL_Kelley_RSI/Data_/AFM_batch_process/All_Data/AFM_RMS_outputs/33_0702_50W_5um_2.0_00005_rms_topography.png,/Users/markqu/Library/CloudStorage/OneDrive-JohnsHopkins/Research/2026_ORNL_Kelley_RSI/Data_/AFM_batch_process/All_Data/AFM_RMS_outputs/33_0702_50W_5um_2.0_00005_rms_processed_height.npz
33_0702_50W_5um_2.0_00006.spm,"s [zsensor] ""height sensor""",True,5.0,5.0,256,256,19.53125,19.53125,2,3.5,99.7833251953125,median,True,3.0,2816,4.296875,0.15850556680546563,0.19883293238796262,1.5771436848862392,1.014760970774632,0.153818093536212,2.969716812517406,/Users/markqu/Library/CloudStorage/OneDrive-JohnsHopkins/Research/2026_ORNL_Kelley_RSI/Data_/AFM_batch_process/All_Data/AFM_RMS_outputs/33_0702_50W_5um_2.0_00006_rms_topography.png,/Users/markqu/Library/CloudStorage/OneDrive-JohnsHopkins/Research/2026_ORNL_Kelley_RSI/Data_/AFM_batch_process/All_Data/AFM_RMS_outputs/33_0702_50W_5um_2.0_00006_rms_processed_height.npz
33_0702_50W_5um_2.0_00007.spm,"s [zsensor] ""height sensor""",True,5.0,5.0,256,256,19.53125,19.53125,2,3.5,99.80621337890625,median,True,3.0,2449,3.73687744140625,0.15992761346218434,0.200298583596104,1.574029777117095,1.022471232118666,0.14631913194356783,2.9620934735110183,/Users/markqu/Library/CloudStorage/OneDrive-JohnsHopkins/Research/2026_ORNL_Kelley_RSI/Data_/AFM_batch_process/All_Data/AFM_RMS_outputs/33_0702_50W_5um_2.0_00007_rms_topography.png,/Users/markqu/Library/CloudStorage/OneDrive-JohnsHopkins/Research/2026_ORNL_Kelley_RSI/Data_/AFM_batch_process/All_Data/AFM_RMS_outputs/33_0702_50W_5um_2.0_00007_rms_processed_height.npz
