file,channel,calibrated,mode,scan_x_um,scan_y_um,rows,cols,pixel_x_nm,pixel_y_nm,poly_degree,fit_pixels_retained_pct,row_method,despike,despiked_pixels,threshold_nm,threshold_method,h_min_nm,auto_otsu_nm,auto_robust_nm,min_area_nm2,min_area_pixels,min_distance_nm,watershed,edge_grains_excluded,grain_count,grain_density_per_um2,area_fraction,mean_area_um2,median_area_um2,mean_equiv_diameter_nm,median_equiv_diameter_nm,std_equiv_diameter_nm,per_grain_csv,arrays_npz,figure_png
15_0617_oxy_40W_1um_1.0_00000.spm,"s [zsensor] ""height sensor""",True,threshold,1.0,1.0,512,512,1.953125,1.953125,2,86.05537414550781,median,True,3128,1.251988843898102,"auto=max(otsu, median+sigma*MAD)",,0.03966734186345766,1.251988843898102,30.517578125,8,5.859375,True,True,72,72.0,0.032276153564453125,0.0004482799106174045,0.0003032684326171875,21.54383416129879,19.645512668599316,10.39869044003116,/Users/markqu/Library/CloudStorage/OneDrive-JohnsHopkins/Research/2026_ORNL_Kelley_RSI/Data_/AFM_batch_process/All_Data/AFM_grain_outputs/15_0617_oxy_40W_1um_1.0_00000_grains.csv,/Users/markqu/Library/CloudStorage/OneDrive-JohnsHopkins/Research/2026_ORNL_Kelley_RSI/Data_/AFM_batch_process/All_Data/AFM_grain_outputs/15_0617_oxy_40W_1um_1.0_00000_grain_arrays.npz,/Users/markqu/Library/CloudStorage/OneDrive-JohnsHopkins/Research/2026_ORNL_Kelley_RSI/Data_/AFM_batch_process/All_Data/AFM_grain_outputs/15_0617_oxy_40W_1um_1.0_00000_grain_map.png
15_0617_oxy_40W_1um_2.0_00000.spm,"s [zsensor] ""height sensor""",True,threshold,1.0,1.0,512,512,1.953125,1.953125,2,99.08332824707031,median,True,1299,0.760592385588412,"auto=max(otsu, median+sigma*MAD)",,0.06355256520985497,0.760592385588412,30.517578125,8,5.859375,True,True,89,89.0,0.040233612060546875,0.00045206305686007725,0.000263214111328125,21.00065788390428,18.306682257451577,11.665589790679377,/Users/markqu/Library/CloudStorage/OneDrive-JohnsHopkins/Research/2026_ORNL_Kelley_RSI/Data_/AFM_batch_process/All_Data/AFM_grain_outputs/15_0617_oxy_40W_1um_2.0_00000_grains.csv,/Users/markqu/Library/CloudStorage/OneDrive-JohnsHopkins/Research/2026_ORNL_Kelley_RSI/Data_/AFM_batch_process/All_Data/AFM_grain_outputs/15_0617_oxy_40W_1um_2.0_00000_grain_arrays.npz,/Users/markqu/Library/CloudStorage/OneDrive-JohnsHopkins/Research/2026_ORNL_Kelley_RSI/Data_/AFM_batch_process/All_Data/AFM_grain_outputs/15_0617_oxy_40W_1um_2.0_00000_grain_map.png
15_0617_oxy_40W_1um_3.0_00000.spm,"s [zsensor] ""height sensor""",True,threshold,1.0,1.0,512,512,1.953125,1.953125,2,99.2584228515625,median,True,1859,0.8949045999567966,"auto=max(otsu, median+sigma*MAD)",,-0.01173204643433945,0.8949045999567966,30.517578125,8,5.859375,True,True,62,62.0,0.03022003173828125,0.0004874198667464718,0.00025177001953125,21.809778281646715,17.903774634807462,12.137207981844053,/Users/markqu/Library/CloudStorage/OneDrive-JohnsHopkins/Research/2026_ORNL_Kelley_RSI/Data_/AFM_batch_process/All_Data/AFM_grain_outputs/15_0617_oxy_40W_1um_3.0_00000_grains.csv,/Users/markqu/Library/CloudStorage/OneDrive-JohnsHopkins/Research/2026_ORNL_Kelley_RSI/Data_/AFM_batch_process/All_Data/AFM_grain_outputs/15_0617_oxy_40W_1um_3.0_00000_grain_arrays.npz,/Users/markqu/Library/CloudStorage/OneDrive-JohnsHopkins/Research/2026_ORNL_Kelley_RSI/Data_/AFM_batch_process/All_Data/AFM_grain_outputs/15_0617_oxy_40W_1um_3.0_00000_grain_map.png
15_0617_oxy_40W_2um_1.0_00000.spm,"s [zsensor] ""height sensor""",True,threshold,2.0,2.0,512,512,3.90625,3.90625,2,99.37934875488281,median,True,1318,1.2320838371723979,"auto=max(otsu, median+sigma*MAD)",,0.06226644059591413,1.2320838371723979,122.0703125,8,11.71875,True,True,168,42.0,0.0271759033203125,0.0006470453171502976,0.00048828125,26.603344584701308,24.930847907700766,10.807450481164135,/Users/markqu/Library/CloudStorage/OneDrive-JohnsHopkins/Research/2026_ORNL_Kelley_RSI/Data_/AFM_batch_process/All_Data/AFM_grain_outputs/15_0617_oxy_40W_2um_1.0_00000_grains.csv,/Users/markqu/Library/CloudStorage/OneDrive-JohnsHopkins/Research/2026_ORNL_Kelley_RSI/Data_/AFM_batch_process/All_Data/AFM_grain_outputs/15_0617_oxy_40W_2um_1.0_00000_grain_arrays.npz,/Users/markqu/Library/CloudStorage/OneDrive-JohnsHopkins/Research/2026_ORNL_Kelley_RSI/Data_/AFM_batch_process/All_Data/AFM_grain_outputs/15_0617_oxy_40W_2um_1.0_00000_grain_map.png
15_0617_oxy_40W_2um_2.0_00000.spm,"s [zsensor] ""height sensor""",True,threshold,2.0,2.0,512,512,3.90625,3.90625,2,99.05166625976562,median,True,1660,0.8633320047861947,"auto=max(otsu, median+sigma*MAD)",,0.043857202221391445,0.8633320047861947,122.0703125,8,11.71875,True,True,128,32.0,0.034732818603515625,0.0010854005813598633,0.00079345703125,34.047124585570096,31.784601133814213,14.98406921451807,/Users/markqu/Library/CloudStorage/OneDrive-JohnsHopkins/Research/2026_ORNL_Kelley_RSI/Data_/AFM_batch_process/All_Data/AFM_grain_outputs/15_0617_oxy_40W_2um_2.0_00000_grains.csv,/Users/markqu/Library/CloudStorage/OneDrive-JohnsHopkins/Research/2026_ORNL_Kelley_RSI/Data_/AFM_batch_process/All_Data/AFM_grain_outputs/15_0617_oxy_40W_2um_2.0_00000_grain_arrays.npz,/Users/markqu/Library/CloudStorage/OneDrive-JohnsHopkins/Research/2026_ORNL_Kelley_RSI/Data_/AFM_batch_process/All_Data/AFM_grain_outputs/15_0617_oxy_40W_2um_2.0_00000_grain_map.png
15_0617_oxy_40W_2um_3.0_00000.spm,"s [zsensor] ""height sensor""",True,threshold,2.0,2.0,512,512,3.90625,3.90625,2,99.25689697265625,median,True,4420,1.058797282237562,"auto=max(otsu, median+sigma*MAD)",,0.05297604904151676,1.058797282237562,122.0703125,8,11.71875,True,True,165,41.25,0.029598236083984375,0.0007175329959753788,0.000518798828125,27.9169761245529,25.70126813468571,11.621201665394302,/Users/markqu/Library/CloudStorage/OneDrive-JohnsHopkins/Research/2026_ORNL_Kelley_RSI/Data_/AFM_batch_process/All_Data/AFM_grain_outputs/15_0617_oxy_40W_2um_3.0_00000_grains.csv,/Users/markqu/Library/CloudStorage/OneDrive-JohnsHopkins/Research/2026_ORNL_Kelley_RSI/Data_/AFM_batch_process/All_Data/AFM_grain_outputs/15_0617_oxy_40W_2um_3.0_00000_grain_arrays.npz,/Users/markqu/Library/CloudStorage/OneDrive-JohnsHopkins/Research/2026_ORNL_Kelley_RSI/Data_/AFM_batch_process/All_Data/AFM_grain_outputs/15_0617_oxy_40W_2um_3.0_00000_grain_map.png
15_0617_oxy_40W_5um_1.0_00000.spm,"s [zsensor] ""height sensor""",True,threshold,5.0,5.0,512,512,9.765625,9.765625,2,99.542236328125,median,True,977,0.9740399091537429,"auto=max(otsu, median+sigma*MAD)",,0.03710708310613153,0.9740399091537429,762.939453125,8,29.296875,True,True,211,8.44,0.014331817626953125,0.0016980826572219343,0.001430511474609375,44.89015871389892,42.67767307000309,12.150693503522284,/Users/markqu/Library/CloudStorage/OneDrive-JohnsHopkins/Research/2026_ORNL_Kelley_RSI/Data_/AFM_batch_process/All_Data/AFM_grain_outputs/15_0617_oxy_40W_5um_1.0_00000_grains.csv,/Users/markqu/Library/CloudStorage/OneDrive-JohnsHopkins/Research/2026_ORNL_Kelley_RSI/Data_/AFM_batch_process/All_Data/AFM_grain_outputs/15_0617_oxy_40W_5um_1.0_00000_grain_arrays.npz,/Users/markqu/Library/CloudStorage/OneDrive-JohnsHopkins/Research/2026_ORNL_Kelley_RSI/Data_/AFM_batch_process/All_Data/AFM_grain_outputs/15_0617_oxy_40W_5um_1.0_00000_grain_map.png
15_0617_oxy_40W_5um_2.0_00000.spm,"s [zsensor] ""height sensor""",True,threshold,5.0,5.0,512,512,9.765625,9.765625,2,92.87872314453125,median,True,675,1.084757811871625,"auto=max(otsu, median+sigma*MAD)",,0.06277647195234437,1.084757811871625,762.939453125,8,29.296875,True,True,228,9.12,0.01538848876953125,0.0016873342949047423,0.00133514404296875,44.90900266571472,41.23054927387454,11.495294616592323,/Users/markqu/Library/CloudStorage/OneDrive-JohnsHopkins/Research/2026_ORNL_Kelley_RSI/Data_/AFM_batch_process/All_Data/AFM_grain_outputs/15_0617_oxy_40W_5um_2.0_00000_grains.csv,/Users/markqu/Library/CloudStorage/OneDrive-JohnsHopkins/Research/2026_ORNL_Kelley_RSI/Data_/AFM_batch_process/All_Data/AFM_grain_outputs/15_0617_oxy_40W_5um_2.0_00000_grain_arrays.npz,/Users/markqu/Library/CloudStorage/OneDrive-JohnsHopkins/Research/2026_ORNL_Kelley_RSI/Data_/AFM_batch_process/All_Data/AFM_grain_outputs/15_0617_oxy_40W_5um_2.0_00000_grain_map.png
15_0617_oxy_40W_5um_3.0_00000.spm,"s [zsensor] ""height sensor""",True,threshold,5.0,5.0,512,512,9.765625,9.765625,2,88.726806640625,median,True,819,1.0538607715853185,"auto=max(otsu, median+sigma*MAD)",,0.07431494660157656,1.0538607715853185,762.939453125,8,29.296875,True,True,243,9.72,0.01657867431640625,0.001705624929671425,0.001430511474609375,45.0540812919171,42.67767307000309,11.932510784414847,/Users/markqu/Library/CloudStorage/OneDrive-JohnsHopkins/Research/2026_ORNL_Kelley_RSI/Data_/AFM_batch_process/All_Data/AFM_grain_outputs/15_0617_oxy_40W_5um_3.0_00000_grains.csv,/Users/markqu/Library/CloudStorage/OneDrive-JohnsHopkins/Research/2026_ORNL_Kelley_RSI/Data_/AFM_batch_process/All_Data/AFM_grain_outputs/15_0617_oxy_40W_5um_3.0_00000_grain_arrays.npz,/Users/markqu/Library/CloudStorage/OneDrive-JohnsHopkins/Research/2026_ORNL_Kelley_RSI/Data_/AFM_batch_process/All_Data/AFM_grain_outputs/15_0617_oxy_40W_5um_3.0_00000_grain_map.png
22_0624_1um_1.0_00002.spm,"s [zsensor] ""height sensor""",True,threshold,1.0,1.0,512,512,1.953125,1.953125,2,99.67117309570312,median,True,1212,0.6676519011782438,"auto=max(otsu, median+sigma*MAD)",,0.015105045361823444,0.6676519011782438,30.517578125,8,5.859375,True,True,71,71.0,0.03063201904296875,0.00043143688792913733,0.00028228759765625,21.099207405361362,18.95836839826219,10.27782822253946,/Users/markqu/Library/CloudStorage/OneDrive-JohnsHopkins/Research/2026_ORNL_Kelley_RSI/Data_/AFM_batch_process/All_Data/AFM_grain_outputs/22_0624_1um_1.0_00002_grains.csv,/Users/markqu/Library/CloudStorage/OneDrive-JohnsHopkins/Research/2026_ORNL_Kelley_RSI/Data_/AFM_batch_process/All_Data/AFM_grain_outputs/22_0624_1um_1.0_00002_grain_arrays.npz,/Users/markqu/Library/CloudStorage/OneDrive-JohnsHopkins/Research/2026_ORNL_Kelley_RSI/Data_/AFM_batch_process/All_Data/AFM_grain_outputs/22_0624_1um_1.0_00002_grain_map.png
22_0624_2um_1.0_00001.spm,"s [zsensor] ""height sensor""",True,threshold,2.0,2.0,512,512,3.90625,3.90625,2,99.664306640625,median,True,4886,0.7162456547559896,"auto=max(otsu, median+sigma*MAD)",,0.023914113226908063,0.7162456547559896,122.0703125,8,11.71875,True,True,127,31.75,0.029415130615234375,0.0009264608067790354,0.00067138671875,31.765886772862792,29.2375806133559,13.110622622194198,/Users/markqu/Library/CloudStorage/OneDrive-JohnsHopkins/Research/2026_ORNL_Kelley_RSI/Data_/AFM_batch_process/All_Data/AFM_grain_outputs/22_0624_2um_1.0_00001_grains.csv,/Users/markqu/Library/CloudStorage/OneDrive-JohnsHopkins/Research/2026_ORNL_Kelley_RSI/Data_/AFM_batch_process/All_Data/AFM_grain_outputs/22_0624_2um_1.0_00001_grain_arrays.npz,/Users/markqu/Library/CloudStorage/OneDrive-JohnsHopkins/Research/2026_ORNL_Kelley_RSI/Data_/AFM_batch_process/All_Data/AFM_grain_outputs/22_0624_2um_1.0_00001_grain_map.png
22_0624_5um_1.0_00003.spm,"s [zsensor] ""height sensor""",True,threshold,5.0,5.0,512,512,9.765625,9.765625,2,99.54910278320312,median,True,1027,0.8364500174256606,"auto=max(otsu, median+sigma*MAD)",,0.02741971731094206,0.8364500174256606,762.939453125,8,29.296875,True,True,160,6.4,0.00934600830078125,0.0014603137969970703,0.0011444091796875,41.81306811009804,38.17207124241562,10.5685713869751,/Users/markqu/Library/CloudStorage/OneDrive-JohnsHopkins/Research/2026_ORNL_Kelley_RSI/Data_/AFM_batch_process/All_Data/AFM_grain_outputs/22_0624_5um_1.0_00003_grains.csv,/Users/markqu/Library/CloudStorage/OneDrive-JohnsHopkins/Research/2026_ORNL_Kelley_RSI/Data_/AFM_batch_process/All_Data/AFM_grain_outputs/22_0624_5um_1.0_00003_grain_arrays.npz,/Users/markqu/Library/CloudStorage/OneDrive-JohnsHopkins/Research/2026_ORNL_Kelley_RSI/Data_/AFM_batch_process/All_Data/AFM_grain_outputs/22_0624_5um_1.0_00003_grain_map.png
24_0625_1um_1.0_00000.spm,"s [zsensor] ""height sensor""",True,threshold,1.0,1.0,512,512,1.953125,1.953125,2,99.85847473144531,median,True,0,1.0834102467050892,"auto=max(otsu, median+sigma*MAD)",,0.06300954298311834,1.0834102467050892,30.517578125,8,5.859375,True,True,92,92.0,0.0296173095703125,0.00032192727793817937,0.000225067138671875,18.089905665449027,16.925780191296266,9.140790447809314,/Users/markqu/Library/CloudStorage/OneDrive-JohnsHopkins/Research/2026_ORNL_Kelley_RSI/Data_/AFM_batch_process/All_Data/AFM_grain_outputs/24_0625_1um_1.0_00000_grains.csv,/Users/markqu/Library/CloudStorage/OneDrive-JohnsHopkins/Research/2026_ORNL_Kelley_RSI/Data_/AFM_batch_process/All_Data/AFM_grain_outputs/24_0625_1um_1.0_00000_grain_arrays.npz,/Users/markqu/Library/CloudStorage/OneDrive-JohnsHopkins/Research/2026_ORNL_Kelley_RSI/Data_/AFM_batch_process/All_Data/AFM_grain_outputs/24_0625_1um_1.0_00000_grain_map.png
24_0625_2um_1.0_00000.spm,"s [zsensor] ""height sensor""",True,threshold,2.0,2.0,512,512,3.90625,3.90625,2,99.87602233886719,median,True,8064,1.0391444190514274,"auto=max(otsu, median+sigma*MAD)",,0.04779093416347213,1.0391444190514274,122.0703125,8,11.71875,True,True,163,40.75,0.02336883544921875,0.0005734683545820552,0.000457763671875,25.389277063420916,24.142137626449347,9.27767567991168,/Users/markqu/Library/CloudStorage/OneDrive-JohnsHopkins/Research/2026_ORNL_Kelley_RSI/Data_/AFM_batch_process/All_Data/AFM_grain_outputs/24_0625_2um_1.0_00000_grains.csv,/Users/markqu/Library/CloudStorage/OneDrive-JohnsHopkins/Research/2026_ORNL_Kelley_RSI/Data_/AFM_batch_process/All_Data/AFM_grain_outputs/24_0625_2um_1.0_00000_grain_arrays.npz,/Users/markqu/Library/CloudStorage/OneDrive-JohnsHopkins/Research/2026_ORNL_Kelley_RSI/Data_/AFM_batch_process/All_Data/AFM_grain_outputs/24_0625_2um_1.0_00000_grain_map.png
24_0625_5um_1.0_00001.spm,"s [zsensor] ""height sensor""",True,threshold,5.0,5.0,512,512,9.765625,9.765625,2,96.59805297851562,median,True,568,1.1471396770560969,"auto=max(otsu, median+sigma*MAD)",,0.027960821044235806,1.1471396770560969,762.939453125,8,29.296875,True,True,77,3.08,0.004375457763671875,0.001420603170023336,0.001049041748046875,40.81553985231506,36.54697576669487,12.030776149149617,/Users/markqu/Library/CloudStorage/OneDrive-JohnsHopkins/Research/2026_ORNL_Kelley_RSI/Data_/AFM_batch_process/All_Data/AFM_grain_outputs/24_0625_5um_1.0_00001_grains.csv,/Users/markqu/Library/CloudStorage/OneDrive-JohnsHopkins/Research/2026_ORNL_Kelley_RSI/Data_/AFM_batch_process/All_Data/AFM_grain_outputs/24_0625_5um_1.0_00001_grain_arrays.npz,/Users/markqu/Library/CloudStorage/OneDrive-JohnsHopkins/Research/2026_ORNL_Kelley_RSI/Data_/AFM_batch_process/All_Data/AFM_grain_outputs/24_0625_5um_1.0_00001_grain_map.png
25_0626_vac210_1um_2.0_00001.spm,"s [zsensor] ""height sensor""",True,threshold,1.0,1.0,256,256,3.90625,3.90625,2,99.86572265625,median,True,1875,1.0167226681709913,"auto=max(otsu, median+sigma*MAD)",,0.08216441980641986,1.0167226681709913,122.0703125,8,11.71875,True,True,56,56.0,0.029632568359375,0.0005291530064174107,0.0004119873046875,24.221304489105883,22.903242745449372,9.415411681822805,/Users/markqu/Library/CloudStorage/OneDrive-JohnsHopkins/Research/2026_ORNL_Kelley_RSI/Data_/AFM_batch_process/All_Data/AFM_grain_outputs/25_0626_vac210_1um_2.0_00001_grains.csv,/Users/markqu/Library/CloudStorage/OneDrive-JohnsHopkins/Research/2026_ORNL_Kelley_RSI/Data_/AFM_batch_process/All_Data/AFM_grain_outputs/25_0626_vac210_1um_2.0_00001_grain_arrays.npz,/Users/markqu/Library/CloudStorage/OneDrive-JohnsHopkins/Research/2026_ORNL_Kelley_RSI/Data_/AFM_batch_process/All_Data/AFM_grain_outputs/25_0626_vac210_1um_2.0_00001_grain_map.png
25_0626_vac210_2um_1.0_00000.spm,"s [zsensor] ""height sensor""",True,threshold,2.0,2.0,256,256,7.8125,7.8125,2,92.6422119140625,median,True,1073,0.6934371160793217,"auto=max(otsu, median+sigma*MAD)",,0.010433088704275395,0.6934371160793217,488.28125,8,23.4375,True,True,33,8.25,0.0135345458984375,0.0016405510179924242,0.0009765625,41.5388213757373,35.26184897173477,19.35704389659968,/Users/markqu/Library/CloudStorage/OneDrive-JohnsHopkins/Research/2026_ORNL_Kelley_RSI/Data_/AFM_batch_process/All_Data/AFM_grain_outputs/25_0626_vac210_2um_1.0_00000_grains.csv,/Users/markqu/Library/CloudStorage/OneDrive-JohnsHopkins/Research/2026_ORNL_Kelley_RSI/Data_/AFM_batch_process/All_Data/AFM_grain_outputs/25_0626_vac210_2um_1.0_00000_grain_arrays.npz,/Users/markqu/Library/CloudStorage/OneDrive-JohnsHopkins/Research/2026_ORNL_Kelley_RSI/Data_/AFM_batch_process/All_Data/AFM_grain_outputs/25_0626_vac210_2um_1.0_00000_grain_map.png
25_0626_vac210_2um_1.0_00001.spm,"s [zsensor] ""height sensor""",True,threshold,2.0,2.0,256,256,7.8125,7.8125,2,99.61700439453125,median,True,1078,0.6314784902539545,"auto=max(otsu, median+sigma*MAD)",,0.03895116591594361,0.6314784902539545,488.28125,8,23.4375,True,True,43,10.75,0.01708984375,0.0015897529069767442,0.001220703125,42.13207433110647,39.423945656565,15.967270798327709,/Users/markqu/Library/CloudStorage/OneDrive-JohnsHopkins/Research/2026_ORNL_Kelley_RSI/Data_/AFM_batch_process/All_Data/AFM_grain_outputs/25_0626_vac210_2um_1.0_00001_grains.csv,/Users/markqu/Library/CloudStorage/OneDrive-JohnsHopkins/Research/2026_ORNL_Kelley_RSI/Data_/AFM_batch_process/All_Data/AFM_grain_outputs/25_0626_vac210_2um_1.0_00001_grain_arrays.npz,/Users/markqu/Library/CloudStorage/OneDrive-JohnsHopkins/Research/2026_ORNL_Kelley_RSI/Data_/AFM_batch_process/All_Data/AFM_grain_outputs/25_0626_vac210_2um_1.0_00001_grain_map.png
25_0626_vac210_2um_2.0_00000.spm,"s [zsensor] ""height sensor""",True,threshold,2.0,2.0,256,256,7.8125,7.8125,2,99.71466064453125,median,True,123,1.0506728018893763,"auto=max(otsu, median+sigma*MAD)",,0.06867436821736983,1.0506728018893763,488.28125,8,23.4375,True,True,47,11.75,0.0108642578125,0.0009246176861702127,0.000732421875,33.21886864610611,30.537656993932494,8.681600584132575,/Users/markqu/Library/CloudStorage/OneDrive-JohnsHopkins/Research/2026_ORNL_Kelley_RSI/Data_/AFM_batch_process/All_Data/AFM_grain_outputs/25_0626_vac210_2um_2.0_00000_grains.csv,/Users/markqu/Library/CloudStorage/OneDrive-JohnsHopkins/Research/2026_ORNL_Kelley_RSI/Data_/AFM_batch_process/All_Data/AFM_grain_outputs/25_0626_vac210_2um_2.0_00000_grain_arrays.npz,/Users/markqu/Library/CloudStorage/OneDrive-JohnsHopkins/Research/2026_ORNL_Kelley_RSI/Data_/AFM_batch_process/All_Data/AFM_grain_outputs/25_0626_vac210_2um_2.0_00000_grain_map.png
25_0626_vac210_5um_1.spm,"s [zsensor] ""height sensor""",True,threshold,5.0,5.0,256,256,19.53125,19.53125,2,92.98858642578125,median,True,171,0.42484535743928353,"auto=max(otsu, median+sigma*MAD)",,-0.0026373585894422513,0.42484535743928353,3051.7578125,8,58.59375,True,True,23,0.92,0.0094146728515625,0.010233340056046196,0.006866455078125,107.36379481360646,93.50209696908578,39.63337800043039,/Users/markqu/Library/CloudStorage/OneDrive-JohnsHopkins/Research/2026_ORNL_Kelley_RSI/Data_/AFM_batch_process/All_Data/AFM_grain_outputs/25_0626_vac210_5um_1_grains.csv,/Users/markqu/Library/CloudStorage/OneDrive-JohnsHopkins/Research/2026_ORNL_Kelley_RSI/Data_/AFM_batch_process/All_Data/AFM_grain_outputs/25_0626_vac210_5um_1_grain_arrays.npz,/Users/markqu/Library/CloudStorage/OneDrive-JohnsHopkins/Research/2026_ORNL_Kelley_RSI/Data_/AFM_batch_process/All_Data/AFM_grain_outputs/25_0626_vac210_5um_1_grain_map.png
25_0626_vac210_5um_2.0_00000.spm,"s [zsensor] ""height sensor""",True,threshold,5.0,5.0,256,256,19.53125,19.53125,2,99.871826171875,median,True,25,1.4382900566800363,"auto=max(otsu, median+sigma*MAD)",,0.06434061417122372,1.4382900566800363,3051.7578125,8,58.59375,True,True,0,0.0,0.0,,,,,,/Users/markqu/Library/CloudStorage/OneDrive-JohnsHopkins/Research/2026_ORNL_Kelley_RSI/Data_/AFM_batch_process/All_Data/AFM_grain_outputs/25_0626_vac210_5um_2.0_00000_grains.csv,/Users/markqu/Library/CloudStorage/OneDrive-JohnsHopkins/Research/2026_ORNL_Kelley_RSI/Data_/AFM_batch_process/All_Data/AFM_grain_outputs/25_0626_vac210_5um_2.0_00000_grain_arrays.npz,/Users/markqu/Library/CloudStorage/OneDrive-JohnsHopkins/Research/2026_ORNL_Kelley_RSI/Data_/AFM_batch_process/All_Data/AFM_grain_outputs/25_0626_vac210_5um_2.0_00000_grain_map.png
26_0629_mixed_ps_1um_1.0_00000.spm,"s [zsensor] ""height sensor""",True,threshold,1.0,1.0,256,256,3.90625,3.90625,2,99.8382568359375,median,True,1836,0.9963530255507189,"auto=max(otsu, median+sigma*MAD)",,0.08346638526299033,0.9963530255507189,122.0703125,8,11.71875,True,True,45,45.0,0.0322265625,0.0007161458333333333,0.000518798828125,28.22181661331293,25.70126813468571,10.86167342590378,/Users/markqu/Library/CloudStorage/OneDrive-JohnsHopkins/Research/2026_ORNL_Kelley_RSI/Data_/AFM_batch_process/All_Data/AFM_grain_outputs/26_0629_mixed_ps_1um_1.0_00000_grains.csv,/Users/markqu/Library/CloudStorage/OneDrive-JohnsHopkins/Research/2026_ORNL_Kelley_RSI/Data_/AFM_batch_process/All_Data/AFM_grain_outputs/26_0629_mixed_ps_1um_1.0_00000_grain_arrays.npz,/Users/markqu/Library/CloudStorage/OneDrive-JohnsHopkins/Research/2026_ORNL_Kelley_RSI/Data_/AFM_batch_process/All_Data/AFM_grain_outputs/26_0629_mixed_ps_1um_1.0_00000_grain_map.png
26_0629_mixed_ps_5um_1.0_00000.spm,"s [zsensor] ""height sensor""",True,threshold,5.0,5.0,256,256,19.53125,19.53125,2,99.87335205078125,median,True,103,1.0948477300469301,"auto=max(otsu, median+sigma*MAD)",,0.08178536858814756,1.0948477300469301,3051.7578125,8,58.59375,True,True,4,0.16,0.0006866455078125,0.004291534423828125,0.00324249267578125,72.33632339721572,64.22534906736327,17.57299645796058,/Users/markqu/Library/CloudStorage/OneDrive-JohnsHopkins/Research/2026_ORNL_Kelley_RSI/Data_/AFM_batch_process/All_Data/AFM_grain_outputs/26_0629_mixed_ps_5um_1.0_00000_grains.csv,/Users/markqu/Library/CloudStorage/OneDrive-JohnsHopkins/Research/2026_ORNL_Kelley_RSI/Data_/AFM_batch_process/All_Data/AFM_grain_outputs/26_0629_mixed_ps_5um_1.0_00000_grain_arrays.npz,/Users/markqu/Library/CloudStorage/OneDrive-JohnsHopkins/Research/2026_ORNL_Kelley_RSI/Data_/AFM_batch_process/All_Data/AFM_grain_outputs/26_0629_mixed_ps_5um_1.0_00000_grain_map.png
27_0629_Mercer_1um_1.0_00000.spm,"s [zsensor] ""height sensor""",True,threshold,1.0,1.0,512,512,1.953125,1.953125,2,97.03636169433594,median,True,60503,4.117243736853376,"auto=max(otsu, median+sigma*MAD)",,1.6277601046583654,4.117243736853376,30.517578125,8,5.859375,True,True,57,57.0,0.09382247924804688,0.0016460084078604715,0.001300811767578125,41.56160662255785,40.69698984860322,19.364254391587046,/Users/markqu/Library/CloudStorage/OneDrive-JohnsHopkins/Research/2026_ORNL_Kelley_RSI/Data_/AFM_batch_process/All_Data/AFM_grain_outputs/27_0629_Mercer_1um_1.0_00000_grains.csv,/Users/markqu/Library/CloudStorage/OneDrive-JohnsHopkins/Research/2026_ORNL_Kelley_RSI/Data_/AFM_batch_process/All_Data/AFM_grain_outputs/27_0629_Mercer_1um_1.0_00000_grain_arrays.npz,/Users/markqu/Library/CloudStorage/OneDrive-JohnsHopkins/Research/2026_ORNL_Kelley_RSI/Data_/AFM_batch_process/All_Data/AFM_grain_outputs/27_0629_Mercer_1um_1.0_00000_grain_map.png
27_0629_Mercer_5um_1.0_00000.spm,"s [zsensor] ""height sensor""",True,threshold,5.0,5.0,256,256,19.53125,19.53125,2,98.876953125,median,True,149,4.805688401650594,"auto=max(otsu, median+sigma*MAD)",,1.6631413309188856,4.805688401650594,3051.7578125,8,58.59375,True,True,111,4.44,0.0256500244140625,0.005777032525689753,0.0049591064453125,84.10690753523888,79.46150283453554,16.856278793616106,/Users/markqu/Library/CloudStorage/OneDrive-JohnsHopkins/Research/2026_ORNL_Kelley_RSI/Data_/AFM_batch_process/All_Data/AFM_grain_outputs/27_0629_Mercer_5um_1.0_00000_grains.csv,/Users/markqu/Library/CloudStorage/OneDrive-JohnsHopkins/Research/2026_ORNL_Kelley_RSI/Data_/AFM_batch_process/All_Data/AFM_grain_outputs/27_0629_Mercer_5um_1.0_00000_grain_arrays.npz,/Users/markqu/Library/CloudStorage/OneDrive-JohnsHopkins/Research/2026_ORNL_Kelley_RSI/Data_/AFM_batch_process/All_Data/AFM_grain_outputs/27_0629_Mercer_5um_1.0_00000_grain_map.png
28_0630_mixed_ps2_1um_1.0_00000.spm,"s [zsensor] ""height sensor""",True,threshold,1.0,1.0,256,256,3.90625,3.90625,2,99.60479736328125,median,True,880,0.8666789001681864,"auto=max(otsu, median+sigma*MAD)",,0.028076241829535165,0.8666789001681864,122.0703125,8,11.71875,True,True,31,31.0,0.0262451171875,0.0008466166834677419,0.0006103515625,29.908728877794072,27.87693931488705,13.766901253473021,/Users/markqu/Library/CloudStorage/OneDrive-JohnsHopkins/Research/2026_ORNL_Kelley_RSI/Data_/AFM_batch_process/All_Data/AFM_grain_outputs/28_0630_mixed_ps2_1um_1.0_00000_grains.csv,/Users/markqu/Library/CloudStorage/OneDrive-JohnsHopkins/Research/2026_ORNL_Kelley_RSI/Data_/AFM_batch_process/All_Data/AFM_grain_outputs/28_0630_mixed_ps2_1um_1.0_00000_grain_arrays.npz,/Users/markqu/Library/CloudStorage/OneDrive-JohnsHopkins/Research/2026_ORNL_Kelley_RSI/Data_/AFM_batch_process/All_Data/AFM_grain_outputs/28_0630_mixed_ps2_1um_1.0_00000_grain_map.png
28_0630_mixed_ps2_5um_1.0_00000.spm,"s [zsensor] ""height sensor""",True,threshold,5.0,5.0,256,256,19.53125,19.53125,2,100.0,median,True,82,0.990102191538745,"auto=max(otsu, median+sigma*MAD)",,0.03815739032343102,0.990102191538745,3051.7578125,8,58.59375,True,True,4,0.16,0.000518798828125,0.00324249267578125,0.0030517578125,64.1741355563473,62.334731312723854,3.6788084872468865,/Users/markqu/Library/CloudStorage/OneDrive-JohnsHopkins/Research/2026_ORNL_Kelley_RSI/Data_/AFM_batch_process/All_Data/AFM_grain_outputs/28_0630_mixed_ps2_5um_1.0_00000_grains.csv,/Users/markqu/Library/CloudStorage/OneDrive-JohnsHopkins/Research/2026_ORNL_Kelley_RSI/Data_/AFM_batch_process/All_Data/AFM_grain_outputs/28_0630_mixed_ps2_5um_1.0_00000_grain_arrays.npz,/Users/markqu/Library/CloudStorage/OneDrive-JohnsHopkins/Research/2026_ORNL_Kelley_RSI/Data_/AFM_batch_process/All_Data/AFM_grain_outputs/28_0630_mixed_ps2_5um_1.0_00000_grain_map.png
30_0631_mixed_ps10min_1um_1.0_00000.spm,"s [zsensor] ""height sensor""",True,threshold,1.0,1.0,256,256,3.90625,3.90625,2,99.810791015625,median,True,274,0.4920880096864725,"auto=max(otsu, median+sigma*MAD)",,0.039446575755828994,0.4920880096864725,122.0703125,8,11.71875,True,True,60,60.0,0.018341064453125,0.00030568440755208336,0.00025177001953125,18.87874400328072,17.90223273449869,5.775679644167054,/Users/markqu/Library/CloudStorage/OneDrive-JohnsHopkins/Research/2026_ORNL_Kelley_RSI/Data_/AFM_batch_process/All_Data/AFM_grain_outputs/30_0631_mixed_ps10min_1um_1.0_00000_grains.csv,/Users/markqu/Library/CloudStorage/OneDrive-JohnsHopkins/Research/2026_ORNL_Kelley_RSI/Data_/AFM_batch_process/All_Data/AFM_grain_outputs/30_0631_mixed_ps10min_1um_1.0_00000_grain_arrays.npz,/Users/markqu/Library/CloudStorage/OneDrive-JohnsHopkins/Research/2026_ORNL_Kelley_RSI/Data_/AFM_batch_process/All_Data/AFM_grain_outputs/30_0631_mixed_ps10min_1um_1.0_00000_grain_map.png
30_0631_mixed_ps10min_5um_1.0_00000.spm,"s [zsensor] ""height sensor""",True,threshold,5.0,5.0,256,256,19.53125,19.53125,2,99.7589111328125,median,True,107,0.4271028247908694,"auto=max(otsu, median+sigma*MAD)",,0.030594532006400443,0.4271028247908694,3051.7578125,8,58.59375,True,True,4,0.16,0.0005340576171875,0.003337860107421875,0.0030517578125,65.02453636789033,62.334731312723854,5.379610110332944,/Users/markqu/Library/CloudStorage/OneDrive-JohnsHopkins/Research/2026_ORNL_Kelley_RSI/Data_/AFM_batch_process/All_Data/AFM_grain_outputs/30_0631_mixed_ps10min_5um_1.0_00000_grains.csv,/Users/markqu/Library/CloudStorage/OneDrive-JohnsHopkins/Research/2026_ORNL_Kelley_RSI/Data_/AFM_batch_process/All_Data/AFM_grain_outputs/30_0631_mixed_ps10min_5um_1.0_00000_grain_arrays.npz,/Users/markqu/Library/CloudStorage/OneDrive-JohnsHopkins/Research/2026_ORNL_Kelley_RSI/Data_/AFM_batch_process/All_Data/AFM_grain_outputs/30_0631_mixed_ps10min_5um_1.0_00000_grain_map.png
30_0631_mixed_ps10min_5um_1.0_00001.spm,"s [zsensor] ""height sensor""",True,threshold,5.0,5.0,256,256,19.53125,19.53125,2,99.8016357421875,median,True,75,0.43572697094548896,"auto=max(otsu, median+sigma*MAD)",,0.02857719452319929,0.43572697094548896,3051.7578125,8,58.59375,True,True,5,0.2,0.0006561279296875,0.0032806396484375,0.0030517578125,64.48657535685703,62.334731312723854,4.811669559659842,/Users/markqu/Library/CloudStorage/OneDrive-JohnsHopkins/Research/2026_ORNL_Kelley_RSI/Data_/AFM_batch_process/All_Data/AFM_grain_outputs/30_0631_mixed_ps10min_5um_1.0_00001_grains.csv,/Users/markqu/Library/CloudStorage/OneDrive-JohnsHopkins/Research/2026_ORNL_Kelley_RSI/Data_/AFM_batch_process/All_Data/AFM_grain_outputs/30_0631_mixed_ps10min_5um_1.0_00001_grain_arrays.npz,/Users/markqu/Library/CloudStorage/OneDrive-JohnsHopkins/Research/2026_ORNL_Kelley_RSI/Data_/AFM_batch_process/All_Data/AFM_grain_outputs/30_0631_mixed_ps10min_5um_1.0_00001_grain_map.png
33_0702_50W_1um_1.0_00000.spm,"s [zsensor] ""height sensor""",True,threshold,1.0,1.0,256,256,3.90625,3.90625,2,99.8779296875,median,True,210,0.6241659104464712,"auto=max(otsu, median+sigma*MAD)",,0.07995585625315721,0.6241659104464712,122.0703125,8,11.71875,True,True,49,49.0,0.01312255859375,0.0002678073182397959,0.00018310546875,17.314416351696096,15.268828496966247,6.4847559438665,/Users/markqu/Library/CloudStorage/OneDrive-JohnsHopkins/Research/2026_ORNL_Kelley_RSI/Data_/AFM_batch_process/All_Data/AFM_grain_outputs/33_0702_50W_1um_1.0_00000_grains.csv,/Users/markqu/Library/CloudStorage/OneDrive-JohnsHopkins/Research/2026_ORNL_Kelley_RSI/Data_/AFM_batch_process/All_Data/AFM_grain_outputs/33_0702_50W_1um_1.0_00000_grain_arrays.npz,/Users/markqu/Library/CloudStorage/OneDrive-JohnsHopkins/Research/2026_ORNL_Kelley_RSI/Data_/AFM_batch_process/All_Data/AFM_grain_outputs/33_0702_50W_1um_1.0_00000_grain_map.png
33_0702_50W_1um_2.0_00000.spm,"s [zsensor] ""height sensor""",True,threshold,1.0,1.0,256,256,3.90625,3.90625,2,99.7528076171875,median,True,109,0.4900246820337674,"auto=max(otsu, median+sigma*MAD)",,0.03489972911401601,0.4900246820337674,122.0703125,8,11.71875,True,True,47,47.0,0.0202789306640625,0.0004314666098736702,0.000274658203125,21.56208302459787,18.700419393817157,9.288299677695544,/Users/markqu/Library/CloudStorage/OneDrive-JohnsHopkins/Research/2026_ORNL_Kelley_RSI/Data_/AFM_batch_process/All_Data/AFM_grain_outputs/33_0702_50W_1um_2.0_00000_grains.csv,/Users/markqu/Library/CloudStorage/OneDrive-JohnsHopkins/Research/2026_ORNL_Kelley_RSI/Data_/AFM_batch_process/All_Data/AFM_grain_outputs/33_0702_50W_1um_2.0_00000_grain_arrays.npz,/Users/markqu/Library/CloudStorage/OneDrive-JohnsHopkins/Research/2026_ORNL_Kelley_RSI/Data_/AFM_batch_process/All_Data/AFM_grain_outputs/33_0702_50W_1um_2.0_00000_grain_map.png
33_0702_50W_5um_2.0_00000.spm,"s [zsensor] ""height sensor""",True,threshold,5.0,5.0,256,256,19.53125,19.53125,2,99.810791015625,median,True,60,0.42867967179823174,"auto=max(otsu, median+sigma*MAD)",,0.029331173865152105,0.42867967179823174,3051.7578125,8,58.59375,True,True,2,0.08,0.0002593994140625,0.00324249267578125,0.00324249267578125,64.22534906736327,64.22534906736327,2.673737269874434,/Users/markqu/Library/CloudStorage/OneDrive-JohnsHopkins/Research/2026_ORNL_Kelley_RSI/Data_/AFM_batch_process/All_Data/AFM_grain_outputs/33_0702_50W_5um_2.0_00000_grains.csv,/Users/markqu/Library/CloudStorage/OneDrive-JohnsHopkins/Research/2026_ORNL_Kelley_RSI/Data_/AFM_batch_process/All_Data/AFM_grain_outputs/33_0702_50W_5um_2.0_00000_grain_arrays.npz,/Users/markqu/Library/CloudStorage/OneDrive-JohnsHopkins/Research/2026_ORNL_Kelley_RSI/Data_/AFM_batch_process/All_Data/AFM_grain_outputs/33_0702_50W_5um_2.0_00000_grain_map.png
33_0702_50W_5um_2.0_00001.spm,"s [zsensor] ""height sensor""",True,threshold,5.0,5.0,256,256,19.53125,19.53125,2,99.96490478515625,median,True,59,0.4239191218795545,"auto=max(otsu, median+sigma*MAD)",,0.030022476399013176,0.4239191218795545,3051.7578125,8,58.59375,True,True,3,0.12,0.00042724609375,0.0035603841145833335,0.0030517578125,67.00453503675965,62.334731312723854,8.088337311404349,/Users/markqu/Library/CloudStorage/OneDrive-JohnsHopkins/Research/2026_ORNL_Kelley_RSI/Data_/AFM_batch_process/All_Data/AFM_grain_outputs/33_0702_50W_5um_2.0_00001_grains.csv,/Users/markqu/Library/CloudStorage/OneDrive-JohnsHopkins/Research/2026_ORNL_Kelley_RSI/Data_/AFM_batch_process/All_Data/AFM_grain_outputs/33_0702_50W_5um_2.0_00001_grain_arrays.npz,/Users/markqu/Library/CloudStorage/OneDrive-JohnsHopkins/Research/2026_ORNL_Kelley_RSI/Data_/AFM_batch_process/All_Data/AFM_grain_outputs/33_0702_50W_5um_2.0_00001_grain_map.png
33_0702_50W_5um_2.0_00002.spm,"s [zsensor] ""height sensor""",True,threshold,5.0,5.0,256,256,19.53125,19.53125,2,99.83367919921875,median,True,39,0.4282552547663584,"auto=max(otsu, median+sigma*MAD)",,0.029778676322941344,0.4282552547663584,3051.7578125,8,58.59375,True,True,1,0.04,0.000152587890625,0.003814697265625,0.003814697265625,69.69234828721763,69.69234828721763,,/Users/markqu/Library/CloudStorage/OneDrive-JohnsHopkins/Research/2026_ORNL_Kelley_RSI/Data_/AFM_batch_process/All_Data/AFM_grain_outputs/33_0702_50W_5um_2.0_00002_grains.csv,/Users/markqu/Library/CloudStorage/OneDrive-JohnsHopkins/Research/2026_ORNL_Kelley_RSI/Data_/AFM_batch_process/All_Data/AFM_grain_outputs/33_0702_50W_5um_2.0_00002_grain_arrays.npz,/Users/markqu/Library/CloudStorage/OneDrive-JohnsHopkins/Research/2026_ORNL_Kelley_RSI/Data_/AFM_batch_process/All_Data/AFM_grain_outputs/33_0702_50W_5um_2.0_00002_grain_map.png
33_0702_50W_5um_2.0_00003.spm,"s [zsensor] ""height sensor""",True,threshold,5.0,5.0,256,256,19.53125,19.53125,2,99.8077392578125,median,True,42,0.4273833627379426,"auto=max(otsu, median+sigma*MAD)",,0.02389511123351734,0.4273833627379426,3051.7578125,8,58.59375,True,True,2,0.08,0.0002593994140625,0.00324249267578125,0.00324249267578125,64.22534906736327,64.22534906736327,2.673737269874434,/Users/markqu/Library/CloudStorage/OneDrive-JohnsHopkins/Research/2026_ORNL_Kelley_RSI/Data_/AFM_batch_process/All_Data/AFM_grain_outputs/33_0702_50W_5um_2.0_00003_grains.csv,/Users/markqu/Library/CloudStorage/OneDrive-JohnsHopkins/Research/2026_ORNL_Kelley_RSI/Data_/AFM_batch_process/All_Data/AFM_grain_outputs/33_0702_50W_5um_2.0_00003_grain_arrays.npz,/Users/markqu/Library/CloudStorage/OneDrive-JohnsHopkins/Research/2026_ORNL_Kelley_RSI/Data_/AFM_batch_process/All_Data/AFM_grain_outputs/33_0702_50W_5um_2.0_00003_grain_map.png
33_0702_50W_5um_2.0_00004.spm,"s [zsensor] ""height sensor""",True,threshold,5.0,5.0,256,256,19.53125,19.53125,2,99.81842041015625,median,True,51,0.4209692807310185,"auto=max(otsu, median+sigma*MAD)",,0.025648083936467392,0.4209692807310185,3051.7578125,8,58.59375,True,True,2,0.08,0.0004425048828125,0.00553131103515625,0.00553131103515625,83.90822234387763,83.90822234387763,2.0465420989178345,/Users/markqu/Library/CloudStorage/OneDrive-JohnsHopkins/Research/2026_ORNL_Kelley_RSI/Data_/AFM_batch_process/All_Data/AFM_grain_outputs/33_0702_50W_5um_2.0_00004_grains.csv,/Users/markqu/Library/CloudStorage/OneDrive-JohnsHopkins/Research/2026_ORNL_Kelley_RSI/Data_/AFM_batch_process/All_Data/AFM_grain_outputs/33_0702_50W_5um_2.0_00004_grain_arrays.npz,/Users/markqu/Library/CloudStorage/OneDrive-JohnsHopkins/Research/2026_ORNL_Kelley_RSI/Data_/AFM_batch_process/All_Data/AFM_grain_outputs/33_0702_50W_5um_2.0_00004_grain_map.png
33_0702_50W_5um_2.0_00005.spm,"s [zsensor] ""height sensor""",True,threshold,5.0,5.0,256,256,19.53125,19.53125,2,99.79095458984375,median,True,54,0.41529240397997136,"auto=max(otsu, median+sigma*MAD)",,0.027596783066508868,0.41529240397997136,3051.7578125,8,58.59375,True,True,2,0.08,0.0003204345703125,0.00400543212890625,0.00400543212890625,70.89811707362969,70.89811707362969,12.110456282905687,/Users/markqu/Library/CloudStorage/OneDrive-JohnsHopkins/Research/2026_ORNL_Kelley_RSI/Data_/AFM_batch_process/All_Data/AFM_grain_outputs/33_0702_50W_5um_2.0_00005_grains.csv,/Users/markqu/Library/CloudStorage/OneDrive-JohnsHopkins/Research/2026_ORNL_Kelley_RSI/Data_/AFM_batch_process/All_Data/AFM_grain_outputs/33_0702_50W_5um_2.0_00005_grain_arrays.npz,/Users/markqu/Library/CloudStorage/OneDrive-JohnsHopkins/Research/2026_ORNL_Kelley_RSI/Data_/AFM_batch_process/All_Data/AFM_grain_outputs/33_0702_50W_5um_2.0_00005_grain_map.png
33_0702_50W_5um_2.0_00006.spm,"s [zsensor] ""height sensor""",True,threshold,5.0,5.0,256,256,19.53125,19.53125,2,99.7833251953125,median,True,44,0.4218616585816442,"auto=max(otsu, median+sigma*MAD)",,0.02956755585300519,0.4218616585816442,3051.7578125,8,58.59375,True,True,1,0.04,0.0001983642578125,0.0049591064453125,0.0049591064453125,79.46150283453554,79.46150283453554,,/Users/markqu/Library/CloudStorage/OneDrive-JohnsHopkins/Research/2026_ORNL_Kelley_RSI/Data_/AFM_batch_process/All_Data/AFM_grain_outputs/33_0702_50W_5um_2.0_00006_grains.csv,/Users/markqu/Library/CloudStorage/OneDrive-JohnsHopkins/Research/2026_ORNL_Kelley_RSI/Data_/AFM_batch_process/All_Data/AFM_grain_outputs/33_0702_50W_5um_2.0_00006_grain_arrays.npz,/Users/markqu/Library/CloudStorage/OneDrive-JohnsHopkins/Research/2026_ORNL_Kelley_RSI/Data_/AFM_batch_process/All_Data/AFM_grain_outputs/33_0702_50W_5um_2.0_00006_grain_map.png
33_0702_50W_5um_2.0_00007.spm,"s [zsensor] ""height sensor""",True,threshold,5.0,5.0,256,256,19.53125,19.53125,2,99.80621337890625,median,True,75,0.42526508910164296,"auto=max(otsu, median+sigma*MAD)",,0.02669745985978067,0.42526508910164296,3051.7578125,8,58.59375,True,True,0,0.0,0.0,,,,,,/Users/markqu/Library/CloudStorage/OneDrive-JohnsHopkins/Research/2026_ORNL_Kelley_RSI/Data_/AFM_batch_process/All_Data/AFM_grain_outputs/33_0702_50W_5um_2.0_00007_grains.csv,/Users/markqu/Library/CloudStorage/OneDrive-JohnsHopkins/Research/2026_ORNL_Kelley_RSI/Data_/AFM_batch_process/All_Data/AFM_grain_outputs/33_0702_50W_5um_2.0_00007_grain_arrays.npz,/Users/markqu/Library/CloudStorage/OneDrive-JohnsHopkins/Research/2026_ORNL_Kelley_RSI/Data_/AFM_batch_process/All_Data/AFM_grain_outputs/33_0702_50W_5um_2.0_00007_grain_map.png
